{"cameraMode":{"drawMode":0,"name":"Shaded","section":"Shading Mode"},"sceneLighting":false,"audioPlay":false,"sceneViewState":{"showFog":true,"showMaterialUpdate":true,"showSkybox":false,"showFlares":true,"showImageEffects":true,"showParticleSystems":true},"in2DMode":false,"pivot":{"x":0.00021529197692871094,"y":-0.4999999403953552,"z":0.00048422813415527344},"rotation":{"x":0.49539873003959658,"y":0.019026819616556169,"z":-0.01083531603217125,"w":0.8684324622154236},"size":7.089217185974121,"orthographic":false}