{"cameraMode":{"drawMode":0,"name":"Shaded","section":"Shading Mode"},"sceneLighting":false,"audioPlay":false,"sceneViewState":{"showFog":true,"showMaterialUpdate":true,"showSkybox":false,"showFlares":true,"showImageEffects":true,"showParticleSystems":true},"in2DMode":false,"pivot":{"x":-5.110493183135986,"y":6.740093231201172,"z":3.7627716064453127},"rotation":{"x":0.12889866530895234,"y":-0.028576264157891275,"z":0.0037163023371249439,"w":0.9912566542625427},"size":36.237396240234378,"orthographic":false}