{"cameraMode":{"drawMode":0,"name":"Shaded","section":"Shading Mode"},"sceneLighting":false,"audioPlay":false,"sceneViewState":{"showFog":true,"showMaterialUpdate":true,"showSkybox":false,"showFlares":true,"showImageEffects":true,"showParticleSystems":true},"in2DMode":false,"pivot":{"x":0.00021529197692871094,"y":-0.4999999403953552,"z":0.00048422813415527344},"rotation":{"x":0.4532679319381714,"y":0.0008064674329943955,"z":-0.00039237525197677314,"w":0.891416609287262},"size":7.089217185974121,"orthographic":false}