{"cameraMode":{"drawMode":0,"name":"Shaded","section":"Shading Mode"},"sceneLighting":false,"audioPlay":false,"sceneViewState":{"showFog":true,"showMaterialUpdate":true,"showSkybox":false,"showFlares":true,"showImageEffects":true,"showParticleSystems":true},"in2DMode":false,"pivot":{"x":0.000050187110900878906,"y":1.8416628222439614e-8,"z":-0.15448987483978272},"rotation":{"x":0.4532679319381714,"y":0.0008064674329943955,"z":-0.00039237525197677314,"w":0.891416609287262},"size":7.444711685180664,"orthographic":false}