{"cameraMode":{"drawMode":0,"name":"Shaded","section":"Shading Mode"},"sceneLighting":false,"audioPlay":false,"sceneViewState":{"showFog":true,"showMaterialUpdate":true,"showSkybox":false,"showFlares":true,"showImageEffects":true,"showParticleSystems":true},"in2DMode":false,"pivot":{"x":3.174306869506836,"y":0.328086256980896,"z":5.171872138977051},"rotation":{"x":0.11070700734853745,"y":0.08157851547002793,"z":-0.009133375249803067,"w":0.9904820322990418},"size":7.609430313110352,"orthographic":false}