{"cameraMode":{"drawMode":0,"name":"Shaded","section":"Shading Mode"},"sceneLighting":false,"audioPlay":false,"sceneViewState":{"showFog":true,"showMaterialUpdate":true,"showSkybox":false,"showFlares":true,"showImageEffects":true,"showParticleSystems":true},"in2DMode":false,"pivot":{"x":0.000431060791015625,"y":-0.3125,"z":0.00096893310546875},"rotation":{"x":0.41512617468833926,"y":0.09900796413421631,"z":-0.045505594462156299,"w":0.9032292366027832},"size":7.077969074249268,"orthographic":false}