{"cameraMode":{"drawMode":0,"name":"Shaded","section":"Shading Mode"},"sceneLighting":false,"audioPlay":false,"sceneViewState":{"showFog":true,"showMaterialUpdate":true,"showSkybox":false,"showFlares":true,"showImageEffects":true,"showParticleSystems":true},"in2DMode":false,"pivot":{"x":-0.521878182888031,"y":3.5896615982055666,"z":6.810976505279541},"rotation":{"x":0.4532679319381714,"y":0.0008064674329943955,"z":-0.00039237525197677314,"w":0.891416609287262},"size":11.009339332580567,"orthographic":false}