{"cameraMode":{"drawMode":0,"name":"Shaded","section":"Shading Mode"},"sceneLighting":false,"audioPlay":false,"sceneViewState":{"showFog":true,"showMaterialUpdate":true,"showSkybox":false,"showFlares":true,"showImageEffects":true,"showParticleSystems":true},"in2DMode":false,"pivot":{"x":-0.9732661247253418,"y":5.481633186340332,"z":8.449651718139649},"rotation":{"x":0.16444583237171174,"y":0.6216797828674316,"z":-0.13563817739486695,"w":0.7537370920181274},"size":12.14168930053711,"orthographic":false}