{"cameraMode":{"drawMode":0,"name":"Shaded","section":"Shading Mode"},"sceneLighting":false,"audioPlay":false,"sceneViewState":{"showFog":true,"showMaterialUpdate":true,"showSkybox":true,"showFlares":true,"showImageEffects":true,"showParticleSystems":true},"in2DMode":false,"pivot":{"x":73.55950164794922,"y":3.3307876586914064,"z":0.6980981826782227},"rotation":{"x":0.47320669889450076,"y":-0.004458341281861067,"z":0.0024820927064865829,"w":0.880991518497467},"size":21.021865844726564,"orthographic":false}