{"cameraMode":{"drawMode":0,"name":"Shaded","section":"Shading Mode"},"sceneLighting":false,"audioPlay":false,"sceneViewState":{"showFog":true,"showMaterialUpdate":true,"showSkybox":false,"showFlares":true,"showImageEffects":true,"showParticleSystems":true},"in2DMode":false,"pivot":{"x":0.000431060791015625,"y":-0.15624992549419404,"z":0.00096893310546875},"rotation":{"x":0.39568668603897097,"y":-0.0016717698890715838,"z":0.0007190600736066699,"w":0.9183982014656067},"size":7.072793483734131,"orthographic":false}