{"cameraMode":{"drawMode":0,"name":"Shaded","section":"Shading Mode"},"sceneLighting":false,"audioPlay":false,"sceneViewState":{"showFog":false,"showMaterialUpdate":false,"showSkybox":false,"showFlares":false,"showImageEffects":false,"showParticleSystems":false},"in2DMode":false,"pivot":{"x":668.33154296875,"y":204.63438415527345,"z":-699.2987670898438},"rotation":{"x":0.06886596232652664,"y":0.8800644874572754,"z":-0.1346394419670105,"w":0.45014825463294985},"size":366.3453063964844,"orthographic":false}